STEM_V1_CL-Z891-SIDE_{843.278949, -147.455316, 0}
STEM_V1_CL-Z891-SIDE_{845.423436, -140.770904, 0}
STEM_V1_CL-Z891-SIDE_{836.49823, -168.307609, 0}
STEM_V1_CL-Z891-SIDE_{839.894334, -157.942114, 0}
STEM_V1_CL-Z891-SIDE_{829.588604, -189.004262, 0}
STEM_V1_CL-Z891-SIDE_{833.062463, -178.661619, 0}
STEM_V1_CL-Z891-SIDE_{822.531684, -209.65554, 0}
STEM_V1_CL-Z891-SIDE_{826.077891, -199.335557, 0}
STEM_V1_CL-Z891-SIDE_{815.901062, -228.664151, 0}
STEM_V1_CL-Z891-SIDE_{818.917033, -220.061606, 0}
STEM_V1_CL-Z891-SIDE_{809.803406, -245.845159, 0}
STEM_V1_CL-Z891-SIDE_{812.863003, -237.25872, 0}
STEM_V1_CL-Z891-SIDE_{803.623386, -262.993427, 0}
STEM_V1_CL-Z891-SIDE_{806.72323, -254.423427, 0}
STEM_V1_CL-Z891-SIDE_{796.635272, -282.095688, 0}
STEM_V1_CL-Z891-SIDE_{799.848765, -273.347156, 0}
STEM_V1_CL-Z891-SIDE_{790.15491, -299.563695, 0}
STEM_V1_CL-Z891-SIDE_{793.40367, -290.834694, 0}
STEM_V1_CL-Z891-SIDE_{783.610335, -316.989033, 0}
STEM_V1_CL-Z891-SIDE_{786.890076, -308.282076, 0}
STEM_V1_CL-Z891-SIDE_{776.055347, -336.86046, 0}
STEM_V1_CL-Z891-SIDE_{779.724252, -327.239981, 0}
STEM_V1_CL-Z891-SIDE_{768.679236, -356.041419, 0}
STEM_V1_CL-Z891-SIDE_{772.373487, -346.461503, 0}
STEM_V1_CL-Z891-SIDE_{761.041819, -375.685382, 0}
STEM_V1_CL-Z891-SIDE_{764.975087, -365.597161, 0}
STEM_V1_CL-Z891-SIDE_{754.059556, -393.469848, 0}
STEM_V1_CL-Z891-SIDE_{757.55243, -384.587894, 0}
STEM_V1_CL-Z891-SIDE_{747.063237, -411.192764, 0}
STEM_V1_CL-Z891-SIDE_{750.5635, -402.337417, 0}
STEM_V1_CL-Z891-SIDE_{738.886344, -431.74092, 0}
STEM_V1_CL-Z891-SIDE_{743.084963, -421.21303, 0}
STEM_V1_CL-Z891-SIDE_{730.409062, -452.889383, 0}
STEM_V1_CL-Z891-SIDE_{734.664112, -442.290903, 0}
STEM_V1_CL-Z891-SIDE_{722.803652, -471.757313, 0}
STEM_V1_CL-Z891-SIDE_{726.308285, -463.073505, 0}
STEM_V1_CL-Z891-SIDE_{715.77759, -489.117464, 0}
STEM_V1_CL-Z891-SIDE_{719.28799, -480.451354, 0}
STEM_V1_CL-Z891-SIDE_{707.12331, -510.429396, 0}
STEM_V1_CL-Z891-SIDE_{711.694057, -499.18165, 0}
STEM_V1_CL-Z891-SIDE_{698.491807, -531.620822, 0}
STEM_V1_CL-Z891-SIDE_{702.57924, -521.59668, 0}
STEM_V1_CL-Z891-SIDE_{690.718632, -550.413088, 0}
STEM_V1_CL-Z891-SIDE_{694.413111, -541.541597, 0}
STEM_V1_CL-Z891-SIDE_{684.024579, -566.095755, 0}
STEM_V1_CL-Z891-SIDE_{687.29449, -558.50616, 0}
STEM_V1_CL-Z891-SIDE_{677.308325, -581.182768, 0}
STEM_V1_CL-Z891-SIDE_{680.729497, -573.586944, 0}
STEM_V1_CL-Z891-SIDE_{669.719789, -597.305412, 0}
STEM_V1_CL-Z891-SIDE_{673.669075, -589.043294, 0}
STEM_V1_CL-Z891-SIDE_{661.276992, -613.98656, 0}
STEM_V1_CL-Z891-SIDE_{665.683576, -605.446664, 0}
STEM_V1_CL-Z891-SIDE_{652.131332, -630.539377, 0}
STEM_V1_CL-Z891-SIDE_{656.167591, -623.427873, 0}
STEM_V1_CL-Z891-SIDE_{642.191571, -646.798021, 0}
STEM_V1_CL-Z891-SIDE_{647.954479, -637.584809, 0}
STEM_V1_CL-Z891-SIDE_{633.345966, -659.852597, 0}
STEM_V1_CL-Z891-SIDE_{637.846755, -653.369506, 0}
STEM_V1_CL-Z891-SIDE_{621.952708, -674.889333, 0}
STEM_V1_CL-Z891-SIDE_{626.858838, -668.646738, 0}
STEM_V1_CL-Z891-SIDE_{617.009636, -680.847084, 0}
STEM_V1_CL-Z891-SIDE_{617.009636, -680.847084, 0}
STEM_V1_CL-Z891-SIDE_{617.009636, -680.847084, 0}
STEM_V1_CL-Z891-SIDE_{617.009636, -680.847084, 0}
STEM_U0_CL-Z891-SIDE_{820.835102, -27.94593, 0}
STEM_U0_CL-Z891-SIDE_{819.306945, -18.639713, 0}
STEM_U0_CL-Z891-SIDE_{823.902545, -46.483638, 0}
STEM_U0_CL-Z891-SIDE_{822.367605, -37.226389, 0}
STEM_U0_CL-Z891-SIDE_{826.97268, -64.930449, 0}
STEM_U0_CL-Z891-SIDE_{825.437761, -55.718363, 0}
STEM_U0_CL-Z891-SIDE_{830.391302, -85.3811, 0}
STEM_U0_CL-Z891-SIDE_{828.50735, -74.119167, 0}
STEM_U0_CL-Z891-SIDE_{833.356293, -103.126455, 0}
STEM_U0_CL-Z891-SIDE_{831.875688, -94.263371, 0}
STEM_U0_CL-Z891-SIDE_{836.30362, -120.797018, 0}
STEM_U0_CL-Z891-SIDE_{834.832602, -111.97065, 0}
STEM_U0_CL-Z891-SIDE_{839.226782, -138.399369, 0}
STEM_U0_CL-Z891-SIDE_{837.768419, -129.606592, 0}
STEM_U0_CL-Z891-SIDE_{842.502453, -158.184785, 0}
STEM_U0_CL-Z891-SIDE_{840.678941, -147.174655, 0}
STEM_U0_CL-Z891-SIDE_{844.743346, -171.874354, 0}
STEM_U0_CL-Z891-SIDE_{844.743346, -171.874354, 0}
STEM_U0_CL-Z891-SIDE_{844.743346, -171.874354, 0}
STEM_U0_CL-Z891-SIDE_{844.743346, -171.874354, 0}
STEM_U1_CL-Z891-SIDE_{784.89988, -28.10167, 0}
STEM_U1_CL-Z891-SIDE_{783.144841, -19.048004, 0}
STEM_U1_CL-Z891-SIDE_{788.380561, -46.151208, 0}
STEM_U1_CL-Z891-SIDE_{786.636664, -37.139408, 0}
STEM_U1_CL-Z891-SIDE_{791.881779, -64.100706, 0}
STEM_U1_CL-Z891-SIDE_{790.130311, -55.137585, 0}
STEM_U1_CL-Z891-SIDE_{795.836688, -84.285235, 0}
STEM_U1_CL-Z891-SIDE_{793.631884, -73.042157, 0}
STEM_U1_CL-Z891-SIDE_{799.664875, -103.851743, 0}
STEM_U1_CL-Z891-SIDE_{797.754817, -94.080388, 0}
STEM_U1_CL-Z891-SIDE_{803.453458, -123.327682, 0}
STEM_U1_CL-Z891-SIDE_{801.56503, -113.60043, 0}
STEM_U1_CL-Z891-SIDE_{807.190945, -142.721492, 0}
STEM_U1_CL-Z891-SIDE_{805.32891, -133.034533, 0}
STEM_U1_CL-Z891-SIDE_{811.074806, -163.100044, 0}
STEM_U1_CL-Z891-SIDE_{809.307024, -153.793736, 0}
STEM_U1_CL-Z891-SIDE_{814.571253, -181.661119, 0}
STEM_U1_CL-Z891-SIDE_{812.829524, -172.389037, 0}
STEM_U1_CL-Z891-SIDE_{818.016593, -200.155556, 0}
STEM_U1_CL-Z891-SIDE_{816.300138, -190.916512, 0}
STEM_U1_CL-Z891-SIDE_{821.735006, -220.341735, 0}
STEM_U1_CL-Z891-SIDE_{819.720924, -209.378413, 0}
STEM_U1_CL-Z891-SIDE_{825.224606, -239.489365, 0}
STEM_U1_CL-Z891-SIDE_{823.485799, -229.924092, 0}
STEM_U1_CL-Z891-SIDE_{828.667816, -258.569142, 0}
STEM_U1_CL-Z891-SIDE_{826.951754, -249.037625, 0}
STEM_U1_CL-Z891-SIDE_{832.297971, -278.890328, 0}
STEM_U1_CL-Z891-SIDE_{830.373287, -268.084103, 0}
STEM_U1_CL-Z891-SIDE_{835.222989, -295.44087, 0}
STEM_U1_CL-Z891-SIDE_{833.764013, -287.170604, 0}
STEM_U1_CL-Z891-SIDE_{838.121558, -311.949937, 0}
STEM_U1_CL-Z891-SIDE_{836.67608, -303.702279, 0}
STEM_U2_CL-Z891-SIDE_{748.647289, -29.270507, 0}
STEM_U2_CL-Z891-SIDE_{746.228939, -19.018159, 0}
STEM_U2_CL-Z891-SIDE_{753.392223, -49.707967, 0}
STEM_U2_CL-Z891-SIDE_{751.033263, -39.501896, 0}
STEM_U2_CL-Z891-SIDE_{758.049197, -70.042698, 0}
STEM_U2_CL-Z891-SIDE_{755.729808, -59.888398, 0}
STEM_U2_CL-Z891-SIDE_{762.80032, -91.016876, 0}
STEM_U2_CL-Z891-SIDE_{760.622696, -81.377947, 0}
STEM_U2_CL-Z891-SIDE_{767.11041, -110.220145, 0}
STEM_U2_CL-Z891-SIDE_{764.962606, -100.630922, 0}
STEM_U2_CL-Z891-SIDE_{771.366346, -129.324966, 0}
STEM_U2_CL-Z891-SIDE_{769.244681, -119.784749, 0}
STEM_U2_CL-Z891-SIDE_{775.929564, -149.943471, 0}
STEM_U2_CL-Z891-SIDE_{773.476092, -138.840878, 0}
STEM_U2_CL-Z891-SIDE_{779.816713, -167.598882, 0}
STEM_U2_CL-Z891-SIDE_{777.877605, -158.781642, 0}
STEM_U2_CL-Z891-SIDE_{783.670353, -185.171666, 0}
STEM_U2_CL-Z891-SIDE_{781.747494, -176.395501, 0}
STEM_U2_CL-Z891-SIDE_{787.493965, -202.663472, 0}
STEM_U2_CL-Z891-SIDE_{785.58568, -193.927558, 0}
STEM_U2_CL-Z891-SIDE_{792.029594, -223.470194, 0}
STEM_U2_CL-Z891-SIDE_{789.874786, -213.578475, 0}
STEM_U2_CL-Z891-SIDE_{796.315821, -243.178408, 0}
STEM_U2_CL-Z891-SIDE_{794.176452, -233.336686, 0}
STEM_U2_CL-Z891-SIDE_{800.573652, -262.788963, 0}
STEM_U2_CL-Z891-SIDE_{798.448209, -252.995893, 0}
STEM_U2_CL-Z891-SIDE_{804.780097, -282.188517, 0}
STEM_U2_CL-Z891-SIDE_{802.903709, -273.532549, 0}
STEM_U2_CL-Z891-SIDE_{808.517989, -299.444869, 0}
STEM_U2_CL-Z891-SIDE_{806.651517, -290.8259, 0}
STEM_U2_CL-Z891-SIDE_{812.236168, -316.62821, 0}
STEM_U2_CL-Z891-SIDE_{810.379529, -308.045563, 0}
STEM_U2_CL-Z891-SIDE_{816.399951, -335.89606, 0}
STEM_U2_CL-Z891-SIDE_{814.529877, -327.237808, 0}
STEM_U2_CL-Z891-SIDE_{820.126956, -353.158021, 0}
STEM_U2_CL-Z891-SIDE_{818.265217, -344.536239, 0}
STEM_U2_CL-Z891-SIDE_{823.842196, -370.345434, 0}
STEM_U2_CL-Z891-SIDE_{821.986051, -361.761131, 0}
STEM_U2_CL-Z891-SIDE_{827.99603, -389.71627, 0}
STEM_U2_CL-Z891-SIDE_{826.091737, -380.8432, 0}
STEM_U2_CL-Z891-SIDE_{831.789342, -407.409014, 0}
STEM_U2_CL-Z891-SIDE_{829.895787, -398.570627, 0}
STEM_U2_CL-Z891-SIDE_{831.789342, -407.409014, 0}
STEM_U2_CL-Z891-SIDE_{831.789342, -407.409014, 0}
STEM_U3_CL-Z891-SIDE_{710.161151, -29.786224, 0}
STEM_U3_CL-Z891-SIDE_{707.729994, -19.428767, 0}
STEM_U3_CL-Z891-SIDE_{715.025638, -50.460802, 0}
STEM_U3_CL-Z891-SIDE_{712.592139, -40.130922, 0}
STEM_U3_CL-Z891-SIDE_{719.911221, -71.069757, 0}
STEM_U3_CL-Z891-SIDE_{717.464979, -60.77406, 0}
STEM_U3_CL-Z891-SIDE_{725.005446, -92.367233, 0}
STEM_U3_CL-Z891-SIDE_{722.658177, -82.575484, 0}
STEM_U3_CL-Z891-SIDE_{729.711061, -111.892141, 0}
STEM_U3_CL-Z891-SIDE_{727.356431, -102.13971, 0}
STEM_U3_CL-Z891-SIDE_{734.427188, -131.331202, 0}
STEM_U3_CL-Z891-SIDE_{732.068392, -121.623178, 0}
STEM_U3_CL-Z891-SIDE_{739.546923, -152.306478, 0}
STEM_U3_CL-Z891-SIDE_{736.786911, -141.015025, 0}
STEM_U3_CL-Z891-SIDE_{743.793474, -169.620614, 0}
STEM_U3_CL-Z891-SIDE_{741.670785, -160.974819, 0}
STEM_U3_CL-Z891-SIDE_{748.03375, -186.841835, 0}
STEM_U3_CL-Z891-SIDE_{745.914654, -178.24315, 0}
STEM_U3_CL-Z891-SIDE_{752.263894, -203.966227, 0}
STEM_U3_CL-Z891-SIDE_{750.150287, -195.416295, 0}
STEM_U3_CL-Z891-SIDE_{757.387435, -224.643625, 0}
STEM_U3_CL-Z891-SIDE_{755.008153, -215.048342, 0}
STEM_U3_CL-Z891-SIDE_{762.13041, -243.738735, 0}
STEM_U3_CL-Z891-SIDE_{759.761599, -234.207328, 0}
STEM_U3_CL-Z891-SIDE_{766.850566, -262.707088, 0}
STEM_U3_CL-Z891-SIDE_{764.493505, -253.238458, 0}
STEM_U3_CL-Z891-SIDE_{771.728109, -282.28363, 0}
STEM_U3_CL-Z891-SIDE_{769.563375, -273.597313, 0}
STEM_U3_CL-Z891-SIDE_{776.040349, -299.579682, 0}
STEM_U3_CL-Z891-SIDE_{773.887146, -290.944207, 0}
STEM_U3_CL-Z891-SIDE_{780.328778, -316.778132, 0}
STEM_U3_CL-Z891-SIDE_{778.187595, -308.190849, 0}
STEM_U3_CL-Z891-SIDE_{785.394568, -337.099493, 0}
STEM_U3_CL-Z891-SIDE_{782.992578, -327.461915, 0}
STEM_U3_CL-Z891-SIDE_{790.174047, -356.288767, 0}
STEM_U3_CL-Z891-SIDE_{787.788428, -346.708215, 0}
STEM_U3_CL-Z891-SIDE_{795.167887, -376.367849, 0}
STEM_U3_CL-Z891-SIDE_{792.551325, -365.842317, 0}
STEM_U3_CL-Z891-SIDE_{799.948317, -395.629263, 0}
STEM_U3_CL-Z891-SIDE_{797.560932, -386.005782, 0}
STEM_U3_CL-Z891-SIDE_{804.714682, -414.864086, 0}
STEM_U3_CL-Z891-SIDE_{802.33215, -405.245668, 0}
STEM_U3_CL-Z891-SIDE_{809.352516, -433.632444, 0}
STEM_U3_CL-Z891-SIDE_{807.313648, -425.373605, 0}
STEM_U3_CL-Z891-SIDE_{813.479844, -450.385307, 0}
STEM_U3_CL-Z891-SIDE_{811.406332, -441.962945, 0}
STEM_U3_CL-Z891-SIDE_{818.303206, -470.027145, 0}
STEM_U3_CL-Z891-SIDE_{815.577217, -458.917392, 0}
STEM_U3_CL-Z891-SIDE_{823.422289, -490.955356, 0}
STEM_U3_CL-Z891-SIDE_{820.847147, -480.416756, 0}
STEM_U3_CL-Z891-SIDE_{826.016849, -501.610669, 0}
STEM_U3_CL-Z891-SIDE_{826.016849, -501.610669, 0}
STEM_U4_CL-Z891-SIDE_{670.97984, -28.763279, 0}
STEM_U4_CL-Z891-SIDE_{668.469222, -18.911795, 0}
STEM_U4_CL-Z891-SIDE_{675.993605, -48.436571, 0}
STEM_U4_CL-Z891-SIDE_{673.486507, -38.605371, 0}
STEM_U4_CL-Z891-SIDE_{681.016292, -68.063234, 0}
STEM_U4_CL-Z891-SIDE_{678.503238, -58.25581, 0}
STEM_U4_CL-Z891-SIDE_{686.554592, -89.58002, 0}
STEM_U4_CL-Z891-SIDE_{683.97055, -79.558842, 0}
STEM_U4_CL-Z891-SIDE_{691.737888, -109.582097, 0}
STEM_U4_CL-Z891-SIDE_{689.143559, -99.58783, 0}
STEM_U4_CL-Z891-SIDE_{696.944186, -129.529402, 0}
STEM_U4_CL-Z891-SIDE_{694.337982, -119.562669, 0}
STEM_U4_CL-Z891-SIDE_{702.553799, -150.853093, 0}
STEM_U4_CL-Z891-SIDE_{699.556689, -139.482082, 0}
STEM_U4_CL-Z891-SIDE_{707.281241, -168.683656, 0}
STEM_U4_CL-Z891-SIDE_{704.914824, -159.774239, 0}
STEM_U4_CL-Z891-SIDE_{712.030246, -186.466745, 0}
STEM_U4_CL-Z891-SIDE_{709.653031, -177.581176, 0}
STEM_U4_CL-Z891-SIDE_{716.80012, -204.199986, 0}
STEM_U4_CL-Z891-SIDE_{714.412691, -195.339877, 0}
STEM_U4_CL-Z891-SIDE_{722.367217, -224.739366, 0}
STEM_U4_CL-Z891-SIDE_{719.848251, -215.466513, 0}
STEM_U4_CL-Z891-SIDE_{727.416982, -243.229942, 0}
STEM_U4_CL-Z891-SIDE_{724.890376, -233.994391, 0}
STEM_U4_CL-Z891-SIDE_{732.477599, -261.635893, 0}
STEM_U4_CL-Z891-SIDE_{729.946341, -252.444429, 0}
STEM_U4_CL-Z891-SIDE_{737.986216, -281.539885, 0}
STEM_U4_CL-Z891-SIDE_{735.55078, -272.755805, 0}
STEM_U4_CL-Z891-SIDE_{742.854719, -299.02781, 0}
STEM_U4_CL-Z891-SIDE_{740.42116, -290.297656, 0}
STEM_U4_CL-Z891-SIDE_{747.71423, -316.399924, 0}
STEM_U4_CL-Z891-SIDE_{745.285904, -307.728912, 0}
STEM_U4_CL-Z891-SIDE_{753.462519, -336.853729, 0}
STEM_U4_CL-Z891-SIDE_{750.769602, -327.282674, 0}
STEM_U4_CL-Z891-SIDE_{758.829686, -355.87771, 0}
STEM_U4_CL-Z891-SIDE_{756.149455, -346.385432, 0}
STEM_U4_CL-Z891-SIDE_{764.508383, -375.945444, 0}
STEM_U4_CL-Z891-SIDE_{761.502504, -365.330863, 0}
STEM_U4_CL-Z891-SIDE_{769.315118, -392.903499, 0}
STEM_U4_CL-Z891-SIDE_{766.912748, -384.428927, 0}
STEM_U4_CL-Z891-SIDE_{774.115647, -409.832728, 0}
STEM_U4_CL-Z891-SIDE_{771.71589, -401.370722, 0}
STEM_U4_CL-Z891-SIDE_{779.479807, -428.748745, 0}
STEM_U4_CL-Z891-SIDE_{777.114756, -420.405947, 0}
STEM_U4_CL-Z891-SIDE_{784.262481, -445.637717, 0}
STEM_U4_CL-Z891-SIDE_{781.862477, -437.159577, 0}
STEM_U4_CL-Z891-SIDE_{789.82615, -465.331803, 0}
STEM_U4_CL-Z891-SIDE_{786.687689, -454.214827, 0}
STEM_U4_CL-Z891-SIDE_{795.237571, -484.563388, 0}
STEM_U4_CL-Z891-SIDE_{792.51799, -474.887419, 0}
STEM_U4_CL-Z891-SIDE_{801.197789, -505.866018, 0}
STEM_U4_CL-Z891-SIDE_{797.971828, -494.318044, 0}
STEM_U4_CL-Z891-SIDE_{806.687894, -525.634293, 0}
STEM_U4_CL-Z891-SIDE_{803.956506, -515.779547, 0}
STEM_U4_CL-Z891-SIDE_{812.528345, -546.858744, 0}
STEM_U4_CL-Z891-SIDE_{809.400945, -535.466487, 0}
STEM_U4_CL-Z891-SIDE_{816.302006, -560.6988, 0}
STEM_U4_CL-Z891-SIDE_{816.302006, -560.6988, 0}
STEM_U4_CL-Z891-SIDE_{816.302006, -560.6988, 0}
STEM_U4_CL-Z891-SIDE_{816.302006, -560.6988, 0}
STEM_U5_CL-Z891-SIDE_{630.865737, -28.721324, 0}
STEM_U5_CL-Z891-SIDE_{628.210145, -18.736584, 0}
STEM_U5_CL-Z891-SIDE_{636.234798, -48.646505, 0}
STEM_U5_CL-Z891-SIDE_{633.543639, -38.69087, 0}
STEM_U5_CL-Z891-SIDE_{641.638413, -68.521329, 0}
STEM_U5_CL-Z891-SIDE_{638.932674, -58.590141, 0}
STEM_U5_CL-Z891-SIDE_{647.363662, -89.38784, 0}
STEM_U5_CL-Z891-SIDE_{644.777181, -79.986872, 0}
STEM_U5_CL-Z891-SIDE_{652.562555, -108.153533, 0}
STEM_U5_CL-Z891-SIDE_{649.958651, -98.776771, 0}
STEM_U5_CL-Z891-SIDE_{657.798729, -126.870329, 0}
STEM_U5_CL-Z891-SIDE_{655.175818, -117.51806, 0}
STEM_U5_CL-Z891-SIDE_{663.650574, -147.566467, 0}
STEM_U5_CL-Z891-SIDE_{660.431449, -136.210271, 0}
STEM_U5_CL-Z891-SIDE_{668.992785, -166.255276, 0}
STEM_U5_CL-Z891-SIDE_{666.316516, -156.917106, 0}
STEM_U5_CL-Z891-SIDE_{674.376126, -184.893716, 0}
STEM_U5_CL-Z891-SIDE_{671.679315, -175.580751, 0}
STEM_U5_CL-Z891-SIDE_{679.800501, -203.482002, 0}
STEM_U5_CL-Z891-SIDE_{677.083213, -194.19422, 0}
STEM_U5_CL-Z891-SIDE_{685.965432, -224.38287, 0}
STEM_U5_CL-Z891-SIDE_{683.108712, -214.726532, 0}
STEM_U5_CL-Z891-SIDE_{691.709735, -243.654522, 0}
STEM_U5_CL-Z891-SIDE_{688.832565, -234.025535, 0}
STEM_U5_CL-Z891-SIDE_{697.492414, -262.871375, 0}
STEM_U5_CL-Z891-SIDE_{694.596484, -253.269815, 0}
STEM_U5_CL-Z891-SIDE_{703.998642, -284.289145, 0}
STEM_U5_CL-Z891-SIDE_{700.868241, -274.009034, 0}
STEM_U5_CL-Z891-SIDE_{710.285135, -304.800835, 0}
STEM_U5_CL-Z891-SIDE_{707.137936, -294.553091, 0}
STEM_U5_CL-Z891-SIDE_{716.854558, -326.067432, 0}
STEM_U5_CL-Z891-SIDE_{713.439312, -315.032327, 0}
STEM_U5_CL-Z891-SIDE_{723.131743, -346.273535, 0}
STEM_U5_CL-Z891-SIDE_{719.993632, -336.180294, 0}
STEM_U5_CL-Z891-SIDE_{729.436459, -366.375613, 0}
STEM_U5_CL-Z891-SIDE_{726.279609, -356.339858, 0}
STEM_U5_CL-Z891-SIDE_{735.480265, -385.662339, 0}
STEM_U5_CL-Z891-SIDE_{732.846562, -377.285906, 0}
STEM_U5_CL-Z891-SIDE_{740.745917, -402.398817, 0}
STEM_U5_CL-Z891-SIDE_{738.113254, -394.032647, 0}
STEM_U5_CL-Z891-SIDE_{746.791806, -421.593964, 0}
STEM_U5_CL-Z891-SIDE_{743.378421, -410.760884, 0}
STEM_U5_CL-Z891-SIDE_{752.9882, -441.257387, 0}
STEM_U5_CL-Z891-SIDE_{749.882026, -431.398886, 0}
STEM_U5_CL-Z891-SIDE_{759.628529, -462.362897, 0}
STEM_U5_CL-Z891-SIDE_{756.118382, -451.200046, 0}
STEM_U5_CL-Z891-SIDE_{765.774334, -481.963877, 0}
STEM_U5_CL-Z891-SIDE_{762.691643, -472.12237, 0}
STEM_U5_CL-Z891-SIDE_{772.435493, -503.323375, 0}
STEM_U5_CL-Z891-SIDE_{768.86361, -491.852599, 0}
STEM_U5_CL-Z891-SIDE_{777.82645, -520.731843, 0}
STEM_U5_CL-Z891-SIDE_{775.141202, -512.045184, 0}
STEM_U5_CL-Z891-SIDE_{784.007154, -540.844103, 0}
STEM_U5_CL-Z891-SIDE_{780.502278, -529.42321, 0}
STEM_U5_CL-Z891-SIDE_{789.596348, -558.858903, 0}
STEM_U5_CL-Z891-SIDE_{786.807934, -549.90979, 0}
STEM_U5_CL-Z891-SIDE_{795.665409, -578.033452, 0}
STEM_U5_CL-Z891-SIDE_{792.323296, -567.528778, 0}
STEM_U5_CL-Z891-SIDE_{802.373107, -598.672063, 0}
STEM_U5_CL-Z891-SIDE_{799.009644, -588.400372, 0}
STEM_U5_CL-Z891-SIDE_{808.360762, -616.578589, 0}
STEM_U5_CL-Z891-SIDE_{805.746176, -608.817317, 0}
STEM_U5_CL-Z891-SIDE_{814.732725, -635.185498, 0}
STEM_U5_CL-Z891-SIDE_{811.050733, -624.480094, 0}
STEM_U5_CL-Z891-SIDE_{819.886174, -650.034948, 0}
STEM_U5_CL-Z891-SIDE_{817.303792, -642.606672, 0}
STEM_U5_CL-Z891-SIDE_{826.684053, -669.561235, 0}
STEM_U5_CL-Z891-SIDE_{823.605221, -660.7193, 0}
STEM_U6_CL-Z891-SIDE_{589.904337, -29.108594, 0}
STEM_U6_CL-Z891-SIDE_{587.08713, -18.91385, 0}
STEM_U6_CL-Z891-SIDE_{595.65435, -49.43999, 0}
STEM_U6_CL-Z891-SIDE_{592.763354, -39.283475, 0}
STEM_U6_CL-Z891-SIDE_{601.486902, -69.708684, 0}
STEM_U6_CL-Z891-SIDE_{598.564341, -59.581199, 0}
STEM_U6_CL-Z891-SIDE_{607.55056, -90.542015, 0}
STEM_U6_CL-Z891-SIDE_{604.811776, -81.163558, 0}
STEM_U6_CL-Z891-SIDE_{613.06348, -109.261238, 0}
STEM_U6_CL-Z891-SIDE_{610.300961, -99.907974, 0}
STEM_U6_CL-Z891-SIDE_{618.626958, -127.929277, 0}
STEM_U6_CL-Z891-SIDE_{615.838694, -118.601693, 0}
STEM_U6_CL-Z891-SIDE_{624.856162, -148.562611, 0}
STEM_U6_CL-Z891-SIDE_{621.428498, -137.243929, 0}
STEM_U6_CL-Z891-SIDE_{630.16691, -165.927611, 0}
STEM_U6_CL-Z891-SIDE_{627.505381, -157.250873, 0}
STEM_U6_CL-Z891-SIDE_{635.527083, -183.246489, 0}
STEM_U6_CL-Z891-SIDE_{632.840783, -174.592794, 0}
STEM_U6_CL-Z891-SIDE_{640.937358, -200.519612, 0}
STEM_U6_CL-Z891-SIDE_{638.225905, -191.888757, 0}
STEM_U6_CL-Z891-SIDE_{647.742642, -221.957751, 0}
STEM_U6_CL-Z891-SIDE_{644.47683, -211.708809, 0}
STEM_U6_CL-Z891-SIDE_{654.326971, -242.407525, 0}
STEM_U6_CL-Z891-SIDE_{651.026089, -232.190642, 0}
STEM_U6_CL-Z891-SIDE_{660.980013, -262.794066, 0}
STEM_U6_CL-Z891-SIDE_{657.645016, -252.608626, 0}
STEM_U6_CL-Z891-SIDE_{667.50876, -282.544833, 0}
STEM_U6_CL-Z891-SIDE_{664.634687, -273.879785, 0}
STEM_U6_CL-Z891-SIDE_{673.290793, -299.841198, 0}
STEM_U6_CL-Z891-SIDE_{670.394295, -291.198594, 0}
STEM_U6_CL-Z891-SIDE_{679.115446, -317.093076, 0}
STEM_U6_CL-Z891-SIDE_{676.197842, -308.472736, 0}
STEM_U6_CL-Z891-SIDE_{685.954154, -337.143455, 0}
STEM_U6_CL-Z891-SIDE_{682.858997, -328.093912, 0}
STEM_U6_CL-Z891-SIDE_{692.173442, -355.205568, 0}
STEM_U6_CL-Z891-SIDE_{689.059194, -346.180681, 0}
STEM_U6_CL-Z891-SIDE_{699.099405, -375.148693, 0}
STEM_U6_CL-Z891-SIDE_{695.296004, -364.218079, 0}
STEM_U6_CL-Z891-SIDE_{705.61998, -393.780479, 0}
STEM_U6_CL-Z891-SIDE_{702.355455, -384.469052, 0}
STEM_U6_CL-Z891-SIDE_{712.191053, -412.436264, 0}
STEM_U6_CL-Z891-SIDE_{708.897304, -403.098498, 0}
STEM_U6_CL-Z891-SIDE_{719.476761, -433.004566, 0}
STEM_U6_CL-Z891-SIDE_{716.064977, -423.385487, 0}
STEM_U6_CL-Z891-SIDE_{726.374556, -452.393096, 0}
STEM_U6_CL-Z891-SIDE_{722.912362, -442.669888, 0}
STEM_U6_CL-Z891-SIDE_{733.381021, -472.028671, 0}
STEM_U6_CL-Z891-SIDE_{730.365579, -463.583114, 0}
STEM_U6_CL-Z891-SIDE_{739.432558, -488.96355, 0}
STEM_U6_CL-Z891-SIDE_{736.4063, -480.496165, 0}
STEM_U6_CL-Z891-SIDE_{746.523521, -508.803938, 0}
STEM_U6_CL-Z891-SIDE_{743.460538, -500.232483, 0}
STEM_U6_CL-Z891-SIDE_{752.625542, -525.91064, 0}
STEM_U6_CL-Z891-SIDE_{749.576751, -517.357288, 0}
STEM_U6_CL-Z891-SIDE_{759.940016, -546.479149, 0}
STEM_U6_CL-Z891-SIDE_{756.614836, -537.139501, 0}
STEM_U6_CL-Z891-SIDE_{765.725419, -562.614039, 0}
STEM_U6_CL-Z891-SIDE_{762.968866, -554.943669, 0}
STEM_U6_CL-Z891-SIDE_{771.18653, -577.716746, 0}
STEM_U6_CL-Z891-SIDE_{768.652794, -570.724052, 0}
STEM_U6_CL-Z891-SIDE_{776.038215, -591.038366, 0}
STEM_U6_CL-Z891-SIDE_{773.632998, -584.445115, 0}
STEM_U6_CL-Z891-SIDE_{781.141554, -604.960142, 0}
STEM_U6_CL-Z891-SIDE_{778.454264, -597.64052, 0}
STEM_U6_CL-Z891-SIDE_{785.597136, -617.043822, 0}
STEM_U6_CL-Z891-SIDE_{783.296204, -610.811576, 0}
STEM_U6_CL-Z891-SIDE_{792.015474, -634.344569, 0}
STEM_U6_CL-Z891-SIDE_{788.134588, -623.897938, 0}
STEM_U6_CL-Z891-SIDE_{799.834627, -655.273794, 0}
STEM_U6_CL-Z891-SIDE_{796.005508, -645.042971, 0}
STEM_U6_CL-Z891-SIDE_{805.10163, -669.297465, 0}
STEM_U6_CL-Z891-SIDE_{802.441534, -662.221181, 0}
STEM_U6_CL-Z891-SIDE_{813.817061, -692.420202, 0}
STEM_U6_CL-Z891-SIDE_{809.073465, -679.842944, 0}
STEM_U6_CL-Z891-SIDE_{820.248321, -709.479341, 0}
STEM_U6_CL-Z891-SIDE_{817.963614, -703.412913, 0}
STEM_U7_CL-Z891-SIDE_{547.931959, -29.431049, 0}
STEM_U7_CL-Z891-SIDE_{544.924058, -19.076686, 0}
STEM_U7_CL-Z891-SIDE_{554.08817, -50.076248, 0}
STEM_U7_CL-Z891-SIDE_{550.988557, -39.764098, 0}
STEM_U7_CL-Z891-SIDE_{560.384042, -70.644221, 0}
STEM_U7_CL-Z891-SIDE_{557.222781, -60.368976, 0}
STEM_U7_CL-Z891-SIDE_{566.872182, -91.475561, 0}
STEM_U7_CL-Z891-SIDE_{563.924228, -82.053318, 0}
STEM_U7_CL-Z891-SIDE_{572.82164, -110.277752, 0}
STEM_U7_CL-Z891-SIDE_{569.837903, -100.883761, 0}
STEM_U7_CL-Z891-SIDE_{578.844743, -129.022783, 0}
STEM_U7_CL-Z891-SIDE_{575.823838, -119.657477, 0}
STEM_U7_CL-Z891-SIDE_{585.58031, -149.64777, 0}
STEM_U7_CL-Z891-SIDE_{581.884193, -138.373296, 0}
STEM_U7_CL-Z891-SIDE_{592.41566, -170.225088, 0}
STEM_U7_CL-Z891-SIDE_{588.9865, -159.945437, 0}
STEM_U7_CL-Z891-SIDE_{599.343596, -190.730435, 0}
STEM_U7_CL-Z891-SIDE_{595.867994, -180.486721, 0}
STEM_U7_CL-Z891-SIDE_{606.687495, -212.097671, 0}
STEM_U7_CL-Z891-SIDE_{602.84234, -200.956336, 0}
STEM_U7_CL-Z891-SIDE_{613.224786, -230.815407, 0}
STEM_U7_CL-Z891-SIDE_{609.946589, -221.46396, 0}
STEM_U7_CL-Z891-SIDE_{619.83785, -249.474251, 0}
STEM_U7_CL-Z891-SIDE_{616.521963, -240.152122, 0}
STEM_U7_CL-Z891-SIDE_{627.148858, -269.798219, 0}
STEM_U7_CL-Z891-SIDE_{623.17217, -258.781948, 0}
STEM_U7_CL-Z891-SIDE_{633.816777, -288.075731, 0}
STEM_U7_CL-Z891-SIDE_{630.474357, -278.943813, 0}
STEM_U7_CL-Z891-SIDE_{640.550474, -306.299381, 0}
STEM_U7_CL-Z891-SIDE_{637.175667, -297.19416, 0}
STEM_U7_CL-Z891-SIDE_{648.042836, -326.32063, 0}
STEM_U7_CL-Z891-SIDE_{643.940823, -315.39154, 0}
STEM_U7_CL-Z891-SIDE_{655.293796, -345.465029, 0}
STEM_U7_CL-Z891-SIDE_{651.66068, -335.899847, 0}
STEM_U7_CL-Z891-SIDE_{662.602613, -364.554153, 0}
STEM_U7_CL-Z891-SIDE_{658.941371, -355.016399, 0}
STEM_U7_CL-Z891-SIDE_{670.873533, -385.932151, 0}
STEM_U7_CL-Z891-SIDE_{666.793517, -375.413174, 0}
STEM_U7_CL-Z891-SIDE_{679.085098, -406.955536, 0}
STEM_U7_CL-Z891-SIDE_{674.968334, -396.438506, 0}
STEM_U7_CL-Z891-SIDE_{686.727239, -426.369768, 0}
STEM_U7_CL-Z891-SIDE_{683.356893, -417.823462, 0}
STEM_U7_CL-Z891-SIDE_{693.539694, -443.577045, 0}
STEM_U7_CL-Z891-SIDE_{690.120859, -434.951986, 0}
STEM_U7_CL-Z891-SIDE_{701.405353, -463.354632, 0}
STEM_U7_CL-Z891-SIDE_{696.984113, -452.247964, 0}
STEM_U7_CL-Z891-SIDE_{708.16258, -480.290733, 0}
STEM_U7_CL-Z891-SIDE_{704.783815, -471.827409, 0}
STEM_U7_CL-Z891-SIDE_{715.893751, -499.632566, 0}
STEM_U7_CL-Z891-SIDE_{711.52841, -488.714627, 0}
STEM_U7_CL-Z891-SIDE_{724.855365, -522.036048, 0}
STEM_U7_CL-Z891-SIDE_{720.393962, -510.890387, 0}
STEM_U7_CL-Z891-SIDE_{732.495843, -541.779342, 0}
STEM_U7_CL-Z891-SIDE_{729.19364, -533.072141, 0}
STEM_U7_CL-Z891-SIDE_{737.52092, -555.609207, 0}
STEM_U7_CL-Z891-SIDE_{735.226032, -549.202007, 0}
STEM_U7_CL-Z891-SIDE_{741.616765, -567.454911, 0}
STEM_U7_CL-Z891-SIDE_{739.523375, -561.330595, 0}
STEM_U7_CL-Z891-SIDE_{744.800298, -577.058573, 0}
STEM_U7_CL-Z891-SIDE_{743.27406, -572.408226, 0}
STEM_U7_CL-Z891-SIDE_{747.547887, -585.654891, 0}
STEM_U7_CL-Z891-SIDE_{746.220618, -581.464568, 0}
STEM_U7_CL-Z891-SIDE_{749.965716, -593.470478, 0}
STEM_U7_CL-Z891-SIDE_{748.793044, -589.651199, 0}
STEM_U7_CL-Z891-SIDE_{752.101538, -600.59025, 0}
STEM_U7_CL-Z891-SIDE_{751.069255, -597.118318, 0}
STEM_U7_CL-Z891-SIDE_{752.101538, -600.59025, 0}
STEM_U7_CL-Z891-SIDE_{752.101538, -600.59025, 0}
STEM_U8_CL-Z891-SIDE_{504.345031, -28.311676, 0}
STEM_U8_CL-Z891-SIDE_{501.671537, -19.360649, 0}
STEM_U8_CL-Z891-SIDE_{509.93457, -46.128301, 0}
STEM_U8_CL-Z891-SIDE_{507.116167, -37.229557, 0}
STEM_U8_CL-Z891-SIDE_{515.62811, -63.890778, 0}
STEM_U8_CL-Z891-SIDE_{512.77192, -55.015484, 0}
STEM_U8_CL-Z891-SIDE_{522.245495, -84.106567, 0}
STEM_U8_CL-Z891-SIDE_{518.509675, -72.752117, 0}
STEM_U8_CL-Z891-SIDE_{528.49756, -102.792263, 0}
STEM_U8_CL-Z891-SIDE_{525.357944, -93.457597, 0}
STEM_U8_CL-Z891-SIDE_{534.858176, -121.411714, 0}
STEM_U8_CL-Z891-SIDE_{531.664306, -112.110349, 0}
STEM_U8_CL-Z891-SIDE_{541.326942, -139.963848, 0}
STEM_U8_CL-Z891-SIDE_{538.079098, -130.696244, 0}
STEM_U8_CL-Z891-SIDE_{548.957281, -161.37791, 0}
STEM_U8_CL-Z891-SIDE_{545.291085, -151.150338, 0}
STEM_U8_CL-Z891-SIDE_{556.385723, -181.770145, 0}
STEM_U8_CL-Z891-SIDE_{552.655648, -171.58448, 0}
STEM_U8_CL-Z891-SIDE_{563.939374, -202.07932, 0}
STEM_U8_CL-Z891-SIDE_{560.147062, -191.935104, 0}
STEM_U8_CL-Z891-SIDE_{571.642195, -222.375431, 0}
STEM_U8_CL-Z891-SIDE_{568.121451, -213.148137, 0}
STEM_U8_CL-Z891-SIDE_{578.756458, -240.779579, 0}
STEM_U8_CL-Z891-SIDE_{575.187401, -231.585831, 0}
STEM_U8_CL-Z891-SIDE_{585.964037, -259.117902, 0}
STEM_U8_CL-Z891-SIDE_{582.348863, -249.956847, 0}
STEM_U8_CL-Z891-SIDE_{593.649469, -278.357157, 0}
STEM_U8_CL-Z891-SIDE_{590.325884, -270.074648, 0}
STEM_U8_CL-Z891-SIDE_{600.348504, -294.883796, 0}
STEM_U8_CL-Z891-SIDE_{596.990529, -286.626803, 0}
STEM_U8_CL-Z891-SIDE_{607.112119, -311.361245, 0}
STEM_U8_CL-Z891-SIDE_{603.722578, -303.128517, 0}
STEM_U8_CL-Z891-SIDE_{615.800931, -332.247944, 0}
STEM_U8_CL-Z891-SIDE_{611.608281, -322.205682, 0}
STEM_U8_CL-Z891-SIDE_{624.247297, -352.281813, 0}
STEM_U8_CL-Z891-SIDE_{620.01438, -342.273155, 0}
STEM_U8_CL-Z891-SIDE_{633.088565, -373.004, 0}
STEM_U8_CL-Z891-SIDE_{628.497972, -362.274632, 0}
STEM_U8_CL-Z891-SIDE_{640.370161, -389.906778, 0}
STEM_U8_CL-Z891-SIDE_{636.724654, -381.460968, 0}
STEM_U8_CL-Z891-SIDE_{647.695212, -406.778787, 0}
STEM_U8_CL-Z891-SIDE_{644.024703, -398.343195, 0}
STEM_U8_CL-Z891-SIDE_{656.32659, -426.522779, 0}
STEM_U8_CL-Z891-SIDE_{652.353194, -417.448859, 0}
STEM_U8_CL-Z891-SIDE_{664.360747, -444.792098, 0}
STEM_U8_CL-Z891-SIDE_{660.32814, -435.633317, 0}
STEM_U8_CL-Z891-SIDE_{672.737192, -463.758049, 0}
STEM_U8_CL-Z891-SIDE_{669.161871, -455.670306, 0}
STEM_U8_CL-Z891-SIDE_{679.895981, -479.923575, 0}
STEM_U8_CL-Z891-SIDE_{676.319917, -471.852242, 0}
STEM_U8_CL-Z891-SIDE_{688.183538, -498.614559, 0}
STEM_U8_CL-Z891-SIDE_{683.447315, -487.934873, 0}
STEM_U8_CL-Z891-SIDE_{694.895968, -513.754134, 0}
STEM_U8_CL-Z891-SIDE_{691.554449, -506.216405, 0}
STEM_U8_CL-Z891-SIDE_{702.939232, -532.02571, 0}
STEM_U8_CL-Z891-SIDE_{698.238781, -521.302423, 0}
STEM_U8_CL-Z891-SIDE_{709.750013, -548.428006, 0}
STEM_U8_CL-Z891-SIDE_{706.708882, -540.966522, 0}
STEM_U8_CL-Z891-SIDE_{714.732995, -561.159099, 0}
STEM_U8_CL-Z891-SIDE_{712.261343, -554.760398, 0}
STEM_U8_CL-Z891-SIDE_{718.330364, -570.766265, 0}
STEM_U8_CL-Z891-SIDE_{716.615287, -566.139897, 0}
STEM_U8_CL-Z891-SIDE_{721.410253, -579.285695, 0}
STEM_U8_CL-Z891-SIDE_{719.922327, -575.134719, 0}
STEM_U8_CL-Z891-SIDE_{724.133248, -587.05627, 0}
STEM_U8_CL-Z891-SIDE_{722.80961, -583.251279, 0}
STEM_U8_CL-Z891-SIDE_{726.587889, -594.249704, 0}
STEM_U8_CL-Z891-SIDE_{725.392177, -590.72155, 0}
STEM_U8_CL-Z891-SIDE_{727.717779, -597.635376, 0}
STEM_U8_CL-Z891-SIDE_{727.717779, -597.635376, 0}
STEM_U8_CL-Z891-SIDE_{727.717779, -597.635376, 0}
STEM_U8_CL-Z891-SIDE_{727.717779, -597.635376, 0}
STEM_U9_CL-Z891-SIDE_{460.815232, -30.200879, 0}
STEM_U9_CL-Z891-SIDE_{457.989373, -20.93388, 0}
STEM_U9_CL-Z891-SIDE_{466.835959, -48.611344, 0}
STEM_U9_CL-Z891-SIDE_{463.79766, -39.41684, 0}
STEM_U9_CL-Z891-SIDE_{472.956858, -66.971177, 0}
STEM_U9_CL-Z891-SIDE_{469.886156, -57.797261, 0}
STEM_U9_CL-Z891-SIDE_{479.97319, -87.432517, 0}
STEM_U9_CL-Z891-SIDE_{476.067099, -76.126465, 0}
STEM_U9_CL-Z891-SIDE_{486.603174, -106.329525, 0}
STEM_U9_CL-Z891-SIDE_{483.271908, -96.8899, 0}
STEM_U9_CL-Z891-SIDE_{493.362743, -125.154568, 0}
STEM_U9_CL-Z891-SIDE_{489.966865, -115.751157, 0}
STEM_U9_CL-Z891-SIDE_{500.249923, -143.906264, 0}
STEM_U9_CL-Z891-SIDE_{496.790511, -134.539654, 0}
STEM_U9_CL-Z891-SIDE_{508.234463, -165.138587, 0}
STEM_U9_CL-Z891-SIDE_{504.41219, -155.039204, 0}
STEM_U9_CL-Z891-SIDE_{515.985493, -185.271738, 0}
STEM_U9_CL-Z891-SIDE_{512.092277, -175.216245, 0}
STEM_U9_CL-Z891-SIDE_{523.875736, -205.316761, 0}
STEM_U9_CL-Z891-SIDE_{519.913522, -195.305171, 0}
STEM_U9_CL-Z891-SIDE_{532.015383, -225.555422, 0}
STEM_U9_CL-Z891-SIDE_{528.278317, -216.315748, 0}
STEM_U9_CL-Z891-SIDE_{539.572146, -243.979553, 0}
STEM_U9_CL-Z891-SIDE_{535.780044, -234.776757, 0}
STEM_U9_CL-Z891-SIDE_{547.23551, -262.330932, 0}
STEM_U9_CL-Z891-SIDE_{543.390906, -253.164148, 0}
STEM_U9_CL-Z891-SIDE_{555.420643, -281.591929, 0}
STEM_U9_CL-Z891-SIDE_{551.834323, -273.193914, 0}
STEM_U9_CL-Z891-SIDE_{562.654132, -298.344332, 0}
STEM_U9_CL-Z891-SIDE_{559.027509, -289.975281, 0}
STEM_U9_CL-Z891-SIDE_{569.963908, -315.040772, 0}
STEM_U9_CL-Z891-SIDE_{566.299722, -306.699462, 0}
STEM_U9_CL-Z891-SIDE_{578.876153, -335.104529, 0}
STEM_U9_CL-Z891-SIDE_{574.727622, -325.801874, 0}
STEM_U9_CL-Z891-SIDE_{587.235458, -353.661263, 0}
STEM_U9_CL-Z891-SIDE_{583.045704, -344.390884, 0}
STEM_U9_CL-Z891-SIDE_{596.327767, -373.586881, 0}
STEM_U9_CL-Z891-SIDE_{591.44405, -362.916343, 0}
STEM_U9_CL-Z891-SIDE_{604.606462, -391.524316, 0}
STEM_U9_CL-Z891-SIDE_{600.45951, -382.562458, 0}
STEM_U9_CL-Z891-SIDE_{612.942957, -409.412175, 0}
STEM_U9_CL-Z891-SIDE_{608.767866, -400.47376, 0}
STEM_U9_CL-Z891-SIDE_{622.628686, -430.004221, 0}
STEM_U9_CL-Z891-SIDE_{617.908152, -419.990889, 0}
STEM_U9_CL-Z891-SIDE_{632.181796, -450.148662, 0}
STEM_U9_CL-Z891-SIDE_{627.383415, -440.048741, 0}
STEM_U9_CL-Z891-SIDE_{641.106208, -468.847648, 0}
STEM_U9_CL-Z891-SIDE_{637.307395, -460.900242, 0}
STEM_U9_CL-Z891-SIDE_{648.716748, -484.724182, 0}
STEM_U9_CL-Z891-SIDE_{644.91554, -476.801078, 0}
STEM_U9_CL-Z891-SIDE_{657.662832, -503.328827, 0}
STEM_U9_CL-Z891-SIDE_{653.83445, -495.372832, 0}
STEM_U9_CL-Z891-SIDE_{665.129021, -518.827318, 0}
STEM_U9_CL-Z891-SIDE_{661.419608, -511.12924, 0}
STEM_U9_CL-Z891-SIDE_{673.839735, -536.913212, 0}
STEM_U9_CL-Z891-SIDE_{668.848437, -526.5446, 0}
STEM_U9_CL-Z891-SIDE_{681.141683, -552.450766, 0}
STEM_U9_CL-Z891-SIDE_{677.732246, -545.125772, 0}
STEM_U9_CL-Z891-SIDE_{687.172158, -565.705573, 0}
STEM_U9_CL-Z891-SIDE_{684.026252, -558.739097, 0}
STEM_U9_CL-Z891-SIDE_{691.702101, -575.916507, 0}
STEM_U9_CL-Z891-SIDE_{689.539087, -571.013273, 0}
STEM_U9_CL-Z891-SIDE_{695.617215, -584.912903, 0}
STEM_U9_CL-Z891-SIDE_{693.715832, -580.525093, 0}
STEM_U9_CL-Z891-SIDE_{697.405896, -589.078781, 0}
STEM_U9_CL-Z891-SIDE_{697.405896, -589.078781, 0}
STEM_U9_CL-Z891-SIDE_{697.405896, -589.078781, 0}
STEM_U9_CL-Z891-SIDE_{697.405896, -589.078781, 0}
